field	value
task_id	TASK-Z036B-27-IMPL
candidate_id	Z036-CAND-004
head	5c529e82a00723f05fc50e900765d9a0491acfb6
changed_files	06_前端/lingyi-pc/src/views/workshop/OperationWageRate.vue|06_前端/lingyi-pc/src/views/workshop/WorkshopDailyWage.vue|06_前端/lingyi-pc/src/views/workshop/WorkshopTicketList.vue
allowed_files_only	true
anchors_observed	workshop-ticket-list-page|workshop-ticket-filter-form|workshop-ticket-table|workshop-ticket-guarded-actions|workshop-ticket-sync-status|workshop-daily-wage-page|workshop-wage-rate-page|workshop-write-guard
anchors_missing	[]
screenshots	04_测试与验收/测试证据/z036_cand004_workshop_readonly_flow/workshop_tickets_runtime_fullpage.png|04_测试与验收/测试证据/z036_cand004_workshop_readonly_flow/workshop_daily_wages_runtime_fullpage.png|04_测试与验收/测试证据/z036_cand004_workshop_readonly_flow/workshop_wage_rates_runtime_fullpage.png
runtime_alternative_evidence	04_测试与验收/测试证据/z036_cand004_workshop_readonly_flow/runtime_evidence.json
typecheck_command	npm run typecheck
typecheck_exit_code	0
write_requests_observed_count	0
read_only_boundary_preserved	true
real_write_action_added	false
backend_api_added	false
backend_changed	false
tests_changed	false
candidate_pool_changed	false
historical_dirty_touched	false
log_control_dirty_touched	false
residual_artifacts_touched	false
z035_committed_product_files_touched	false
cand001_readonly_fallback_risk	true
cand003_readonly_fallback_risk	true
b28_shell_wrapper_anomaly	true
z033_skipped_only	true
z035_screenshot_missing_risk	true
next_task	TASK-Z036B-28-REGRESSION-CAND004
run_this_task	false
