candidate_id	evidence_only	path	decision	reason
Z033-CAND-002	true	03_需求与设计/02_开发计划/TASK-Z033B-09-PREP_CAND002_边界冻结报告.md	YES	CAND002 B09/B10/B11 evidence only
Z033-CAND-002	true	03_需求与设计/02_开发计划/task_z033b_09_cand002_boundary.json	YES	CAND002 B09/B10/B11 evidence only
Z033-CAND-002	true	03_需求与设计/02_开发计划/task_z033b_09_cand002_boundary.tsv	YES	CAND002 B09/B10/B11 evidence only
Z033-CAND-002	true	03_需求与设计/02_开发计划/TASK-Z033B-10-IMPL_CAND002_单文件验证报告.md	YES	CAND002 B09/B10/B11 evidence only
Z033-CAND-002	true	03_需求与设计/02_开发计划/task_z033b_10_cand002_result.json	YES	CAND002 B09/B10/B11 evidence only
Z033-CAND-002	true	03_需求与设计/02_开发计划/task_z033b_10_cand002_result.tsv	YES	CAND002 B09/B10/B11 evidence only
Z033-CAND-002	true	03_需求与设计/02_开发计划/task_z033b_10_cand002_stdout.txt	YES	CAND002 B09/B10/B11 evidence only
Z033-CAND-002	true	03_需求与设计/02_开发计划/TASK-Z033B-11-LEDGER-CAND002_账本冻结报告.md	YES	CAND002 B09/B10/B11 evidence only
Z033-CAND-002	true	03_需求与设计/02_开发计划/task_z033b_11_cand002_ledger_freeze.json	YES	CAND002 B09/B10/B11 evidence only
Z033-CAND-002	true	03_需求与设计/02_开发计划/task_z033b_11_cand002_ledger.json	YES	CAND002 B09/B10/B11 evidence only
Z033-CAND-002	true	03_需求与设计/02_开发计划/task_z033b_11_cand002_ledger.tsv	YES	CAND002 B09/B10/B11 evidence only
Z033-CAND-002	true	07_后端/lingyi_service/tests/test_sales_inventory_enhanced.py	NO	target test excluded from evidence-only YES
Z033-CAND-002	true	03_需求与设计/02_开发计划/TASK-Z033B-01-PREP_候选池重建报告.md	NO	excluded by evidence-only ledger rule
Z033-CAND-002	true	03_需求与设计/02_开发计划/task_z033b_01_candidate_pool.json	NO	excluded by evidence-only ledger rule
Z033-CAND-002	true	03_需求与设计/02_开发计划/task_z033b_01_candidate_pool.tsv	NO	excluded by evidence-only ledger rule
Z033-CAND-002	true	03_需求与设计/02_开发计划/TASK-Z033B-01-PREP-FIX1_候选池修复报告.md	NO	excluded by evidence-only ledger rule
Z033-CAND-002	true	03_需求与设计/02_开发计划/task_z033b_01_prep_fix1_result.json	NO	excluded by evidence-only ledger rule
Z033-CAND-002	true	03_需求与设计/02_开发计划/task_z033b_01_prep_fix1_result.tsv	NO	excluded by evidence-only ledger rule
Z033-CAND-002	true	03_需求与设计/02_开发计划/TASK-Z033B-08-PREP_剩余候选刷新报告.md	NO	excluded by evidence-only ledger rule
Z033-CAND-002	true	03_需求与设计/02_开发计划/task_z033b_08_refresh.json	NO	excluded by evidence-only ledger rule
Z033-CAND-002	true	03_需求与设计/02_开发计划/task_z033b_08_refresh.tsv	NO	excluded by evidence-only ledger rule
Z033-CAND-002	true	03_需求与设计/02_开发计划/TASK-Z033B-02-PREP_CAND001_边界冻结报告.md	NO	excluded by evidence-only ledger rule
Z033-CAND-002	true	03_需求与设计/02_开发计划/task_z033b_02_cand001_boundary.json	NO	excluded by evidence-only ledger rule
Z033-CAND-002	true	03_需求与设计/02_开发计划/task_z033b_02_cand001_boundary.tsv	NO	excluded by evidence-only ledger rule
Z033-CAND-002	true	03_需求与设计/02_开发计划/TASK-Z033B-03-IMPL_CAND001_单文件验证报告.md	NO	excluded by evidence-only ledger rule
Z033-CAND-002	true	03_需求与设计/02_开发计划/task_z033b_03_cand001_result.json	NO	excluded by evidence-only ledger rule
Z033-CAND-002	true	03_需求与设计/02_开发计划/task_z033b_03_cand001_result.tsv	NO	excluded by evidence-only ledger rule
Z033-CAND-002	true	03_需求与设计/02_开发计划/task_z033b_03_cand001_stdout.txt	NO	excluded by evidence-only ledger rule
Z033-CAND-002	true	03_需求与设计/02_开发计划/TASK-Z033B-04-LEDGER-CAND001_账本冻结报告.md	NO	excluded by evidence-only ledger rule
Z033-CAND-002	true	03_需求与设计/02_开发计划/task_z033b_04_cand001_ledger_freeze.json	NO	excluded by evidence-only ledger rule
Z033-CAND-002	true	03_需求与设计/02_开发计划/task_z033b_04_cand001_ledger.json	NO	excluded by evidence-only ledger rule
Z033-CAND-002	true	03_需求与设计/02_开发计划/task_z033b_04_cand001_ledger.tsv	NO	excluded by evidence-only ledger rule
Z033-CAND-002	true	03_需求与设计/02_开发计划/TASK-Z033B-05-STAGE-CAND001_暂存结果报告.md	NO	excluded by evidence-only ledger rule
Z033-CAND-002	true	03_需求与设计/02_开发计划/task_z033b_05_cand001_stage_result.json	NO	excluded by evidence-only ledger rule
Z033-CAND-002	true	03_需求与设计/02_开发计划/task_z033b_05_cand001_stage_result.tsv	NO	excluded by evidence-only ledger rule
Z033-CAND-002	true	03_需求与设计/02_开发计划/TASK-Z033B-06-COMMIT-CAND001_提交结果报告.md	NO	excluded by evidence-only ledger rule
Z033-CAND-002	true	03_需求与设计/02_开发计划/task_z033b_06_cand001_commit_result.json	NO	excluded by evidence-only ledger rule
Z033-CAND-002	true	03_需求与设计/02_开发计划/task_z033b_06_cand001_commit_result.tsv	NO	excluded by evidence-only ledger rule
Z033-CAND-002	true	03_需求与设计/02_开发计划/TASK-Z033B-07-ARCHIVE-CAND001_归档确认报告.md	NO	excluded by evidence-only ledger rule
Z033-CAND-002	true	03_需求与设计/02_开发计划/task_z033b_07_cand001_archive_result.json	NO	excluded by evidence-only ledger rule
Z033-CAND-002	true	03_需求与设计/02_开发计划/task_z033b_07_cand001_archive_result.tsv	NO	excluded by evidence-only ledger rule
Z033-CAND-002	true	06_前端	NO	excluded by evidence-only ledger rule
Z033-CAND-002	true	07_后端/lingyi_service/app	NO	excluded by evidence-only ledger rule
Z033-CAND-002	true	00_交接与日志/HANDOVER_STATUS.md	NO	excluded by evidence-only ledger rule
Z033-CAND-002	true	03_需求与设计/01_架构设计/架构师会话日志.md	NO	excluded by evidence-only ledger rule
Z033-CAND-002	true	runtime	NO	excluded by evidence-only ledger rule
Z033-CAND-002	true	cache	NO	excluded by evidence-only ledger rule
Z033-CAND-002	true	07_后端/lingyi_service/tests/test_ci_postgresql_gate.py	NO	excluded by evidence-only ledger rule
Z033-CAND-002	true	03_需求与设计/02_开发计划/TASK-Z032B-01-PREP_候选池重建报告.md	NO	excluded by evidence-only ledger rule
Z033-CAND-002	true	03_需求与设计/02_开发计划/TASK-Z032B-09-PREP_CAND002只读验证边界报告.md	NO	excluded by evidence-only ledger rule
Z033-CAND-002	true	03_需求与设计/02_开发计划/TASK-Z032B-10-IMPL_CAND002单文件验证报告.md	NO	excluded by evidence-only ledger rule
Z033-CAND-002	true	03_需求与设计/02_开发计划/TASK-Z032B-11-PREP-CAND002-FAILURE-DIAG_失败定位边界报告.md	NO	excluded by evidence-only ledger rule
Z033-CAND-002	true	03_需求与设计/02_开发计划/TASK-Z032B-12-FIX-CAND002_修复验证报告.md	NO	excluded by evidence-only ledger rule
Z033-CAND-002	true	03_需求与设计/02_开发计划/TASK-Z032B-13-PREP-CAND002-SECOND-FAILURE-DIAG_二次失败定位边界报告.md	NO	excluded by evidence-only ledger rule
Z033-CAND-002	true	03_需求与设计/02_开发计划/TASK-Z032B-14-FIX-CAND002-SECOND_二次修复验证报告.md	NO	excluded by evidence-only ledger rule
Z033-CAND-002	true	03_需求与设计/02_开发计划/TASK-Z032B-15-PREP-CAND002-THIRD-FAILURE-DIAG_三次失败定位边界报告.md	NO	excluded by evidence-only ledger rule
Z033-CAND-002	true	03_需求与设计/02_开发计划/TASK-Z032B-16-FIX-CAND002-THIRD_三次修复验证报告.md	NO	excluded by evidence-only ledger rule
Z033-CAND-002	true	03_需求与设计/02_开发计划/TASK-Z032B-17-LEDGER-CAND002_提交候选账本冻结报告.md	NO	excluded by evidence-only ledger rule
Z033-CAND-002	true	03_需求与设计/02_开发计划/TASK-Z032B-22-PREP_CAND003只读验证边界报告.md	NO	excluded by evidence-only ledger rule
Z033-CAND-002	true	03_需求与设计/02_开发计划/TASK-Z032B-23-IMPL_CAND003单文件验证报告.md	NO	excluded by evidence-only ledger rule
Z033-CAND-002	true	03_需求与设计/02_开发计划/TASK-Z032B-24-PREP-CAND003-FAILURE-DIAG_失败定位边界报告.md	NO	excluded by evidence-only ledger rule
Z033-CAND-002	true	03_需求与设计/02_开发计划/TASK-Z032B-25-FIX-CAND003_修复验证报告.md	NO	excluded by evidence-only ledger rule
Z033-CAND-002	true	03_需求与设计/02_开发计划/TASK-Z032B-26-PREP-CAND003-SECOND-FAILURE-DIAG_二次失败定位边界报告.md	NO	excluded by evidence-only ledger rule
Z033-CAND-002	true	03_需求与设计/02_开发计划/TASK-Z032B-27-FIX-CAND003-SECOND_二次修复验证报告.md	NO	excluded by evidence-only ledger rule
Z033-CAND-002	true	03_需求与设计/02_开发计划/TASK-Z032B-28-PREP-CAND003-THIRD-FAILURE-DIAG_三次失败定位边界报告.md	NO	excluded by evidence-only ledger rule
Z033-CAND-002	true	03_需求与设计/02_开发计划/TASK-Z032B-29-FIX-CAND003-THIRD_三次修复验证报告.md	NO	excluded by evidence-only ledger rule
Z033-CAND-002	true	03_需求与设计/02_开发计划/TASK-Z032B-30-LEDGER-CAND003_提交候选账本冻结报告.md	NO	excluded by evidence-only ledger rule
Z033-CAND-002	true	03_需求与设计/02_开发计划/TASK-Z032B-35-PREP_CAND004只读验证边界报告.md	NO	excluded by evidence-only ledger rule
Z033-CAND-002	true	03_需求与设计/02_开发计划/TASK-Z032B-36-IMPL_CAND004单文件验证报告.md	NO	excluded by evidence-only ledger rule
Z033-CAND-002	true	03_需求与设计/02_开发计划/TASK-Z032B-37-PREP-CAND004-FAILURE-DIAG_失败定位边界报告.md	NO	excluded by evidence-only ledger rule
Z033-CAND-002	true	03_需求与设计/02_开发计划/TASK-Z032B-38-FIX-CAND004_修复验证报告.md	NO	excluded by evidence-only ledger rule
Z033-CAND-002	true	03_需求与设计/02_开发计划/TASK-Z032B-39-PREP-CAND004-SECOND-FAILURE-DIAG_二次失败定位边界报告.md	NO	excluded by evidence-only ledger rule
Z033-CAND-002	true	03_需求与设计/02_开发计划/TASK-Z032B-40-FIX-CAND004-SECOND_二次修复验证报告.md	NO	excluded by evidence-only ledger rule
Z033-CAND-002	true	03_需求与设计/02_开发计划/TASK-Z032B-41-LEDGER-CAND004_提交候选账本冻结报告.md	NO	excluded by evidence-only ledger rule
Z033-CAND-002	true	03_需求与设计/02_开发计划/task_z032b_01_candidate_pool.json	NO	excluded by evidence-only ledger rule
Z033-CAND-002	true	03_需求与设计/02_开发计划/task_z032b_01_candidate_pool.tsv	NO	excluded by evidence-only ledger rule
Z033-CAND-002	true	03_需求与设计/02_开发计划/task_z032b_09_cand002_boundary.json	NO	excluded by evidence-only ledger rule
Z033-CAND-002	true	03_需求与设计/02_开发计划/task_z032b_09_cand002_boundary.tsv	NO	excluded by evidence-only ledger rule
Z033-CAND-002	true	03_需求与设计/02_开发计划/task_z032b_10_cand002_result.json	NO	excluded by evidence-only ledger rule
Z033-CAND-002	true	03_需求与设计/02_开发计划/task_z032b_10_cand002_result.tsv	NO	excluded by evidence-only ledger rule
Z033-CAND-002	true	03_需求与设计/02_开发计划/task_z032b_10_cand002_stdout.txt	NO	excluded by evidence-only ledger rule
Z033-CAND-002	true	03_需求与设计/02_开发计划/task_z032b_11_cand002_failure_boundary.json	NO	excluded by evidence-only ledger rule
Z033-CAND-002	true	03_需求与设计/02_开发计划/task_z032b_11_cand002_failure_boundary.tsv	NO	excluded by evidence-only ledger rule
Z033-CAND-002	true	03_需求与设计/02_开发计划/task_z032b_12_cand002_fix_result.json	NO	excluded by evidence-only ledger rule
Z033-CAND-002	true	03_需求与设计/02_开发计划/task_z032b_12_cand002_fix_result.tsv	NO	excluded by evidence-only ledger rule
Z033-CAND-002	true	03_需求与设计/02_开发计划/task_z032b_12_cand002_fix_stdout.txt	NO	excluded by evidence-only ledger rule
Z033-CAND-002	true	03_需求与设计/02_开发计划/task_z032b_13_cand002_second_failure_boundary.json	NO	excluded by evidence-only ledger rule
Z033-CAND-002	true	03_需求与设计/02_开发计划/task_z032b_13_cand002_second_failure_boundary.tsv	NO	excluded by evidence-only ledger rule
Z033-CAND-002	true	03_需求与设计/02_开发计划/task_z032b_14_cand002_second_fix_result.json	NO	excluded by evidence-only ledger rule
Z033-CAND-002	true	03_需求与设计/02_开发计划/task_z032b_14_cand002_second_fix_result.tsv	NO	excluded by evidence-only ledger rule
Z033-CAND-002	true	03_需求与设计/02_开发计划/task_z032b_14_cand002_second_fix_stdout.txt	NO	excluded by evidence-only ledger rule
Z033-CAND-002	true	03_需求与设计/02_开发计划/task_z032b_15_cand002_third_failure_boundary.json	NO	excluded by evidence-only ledger rule
Z033-CAND-002	true	03_需求与设计/02_开发计划/task_z032b_15_cand002_third_failure_boundary.tsv	NO	excluded by evidence-only ledger rule
Z033-CAND-002	true	03_需求与设计/02_开发计划/task_z032b_16_cand002_third_fix_result.json	NO	excluded by evidence-only ledger rule
Z033-CAND-002	true	03_需求与设计/02_开发计划/task_z032b_16_cand002_third_fix_result.tsv	NO	excluded by evidence-only ledger rule
Z033-CAND-002	true	03_需求与设计/02_开发计划/task_z032b_16_cand002_third_fix_stdout.txt	NO	excluded by evidence-only ledger rule
Z033-CAND-002	true	03_需求与设计/02_开发计划/task_z032b_17_cand002_freeze.json	NO	excluded by evidence-only ledger rule
Z033-CAND-002	true	03_需求与设计/02_开发计划/task_z032b_17_cand002_ledger.json	NO	excluded by evidence-only ledger rule
Z033-CAND-002	true	03_需求与设计/02_开发计划/task_z032b_17_cand002_ledger.tsv	NO	excluded by evidence-only ledger rule
Z033-CAND-002	true	03_需求与设计/02_开发计划/task_z032b_22_cand003_boundary.json	NO	excluded by evidence-only ledger rule
Z033-CAND-002	true	03_需求与设计/02_开发计划/task_z032b_22_cand003_boundary.tsv	NO	excluded by evidence-only ledger rule
Z033-CAND-002	true	03_需求与设计/02_开发计划/task_z032b_23_cand003_result.json	NO	excluded by evidence-only ledger rule
Z033-CAND-002	true	03_需求与设计/02_开发计划/task_z032b_23_cand003_result.tsv	NO	excluded by evidence-only ledger rule
Z033-CAND-002	true	03_需求与设计/02_开发计划/task_z032b_23_cand003_stdout.txt	NO	excluded by evidence-only ledger rule
Z033-CAND-002	true	03_需求与设计/02_开发计划/task_z032b_24_cand003_failure_boundary.json	NO	excluded by evidence-only ledger rule
Z033-CAND-002	true	03_需求与设计/02_开发计划/task_z032b_24_cand003_failure_boundary.tsv	NO	excluded by evidence-only ledger rule
Z033-CAND-002	true	03_需求与设计/02_开发计划/task_z032b_25_cand003_fix_result.json	NO	excluded by evidence-only ledger rule
Z033-CAND-002	true	03_需求与设计/02_开发计划/task_z032b_25_cand003_fix_result.tsv	NO	excluded by evidence-only ledger rule
Z033-CAND-002	true	03_需求与设计/02_开发计划/task_z032b_25_cand003_fix_stdout.txt	NO	excluded by evidence-only ledger rule
Z033-CAND-002	true	03_需求与设计/02_开发计划/task_z032b_26_cand003_second_failure_boundary.json	NO	excluded by evidence-only ledger rule
Z033-CAND-002	true	03_需求与设计/02_开发计划/task_z032b_26_cand003_second_failure_boundary.tsv	NO	excluded by evidence-only ledger rule
Z033-CAND-002	true	03_需求与设计/02_开发计划/task_z032b_27_cand003_second_fix_result.json	NO	excluded by evidence-only ledger rule
Z033-CAND-002	true	03_需求与设计/02_开发计划/task_z032b_27_cand003_second_fix_result.tsv	NO	excluded by evidence-only ledger rule
Z033-CAND-002	true	03_需求与设计/02_开发计划/task_z032b_27_cand003_second_fix_stdout.txt	NO	excluded by evidence-only ledger rule
Z033-CAND-002	true	03_需求与设计/02_开发计划/task_z032b_28_cand003_third_failure_boundary.json	NO	excluded by evidence-only ledger rule
Z033-CAND-002	true	03_需求与设计/02_开发计划/task_z032b_28_cand003_third_failure_boundary.tsv	NO	excluded by evidence-only ledger rule
Z033-CAND-002	true	03_需求与设计/02_开发计划/task_z032b_29_cand003_third_fix_result.json	NO	excluded by evidence-only ledger rule
Z033-CAND-002	true	03_需求与设计/02_开发计划/task_z032b_29_cand003_third_fix_result.tsv	NO	excluded by evidence-only ledger rule
Z033-CAND-002	true	03_需求与设计/02_开发计划/task_z032b_29_cand003_third_fix_stdout.txt	NO	excluded by evidence-only ledger rule
Z033-CAND-002	true	03_需求与设计/02_开发计划/task_z032b_30_cand003_freeze.json	NO	excluded by evidence-only ledger rule
Z033-CAND-002	true	03_需求与设计/02_开发计划/task_z032b_30_cand003_ledger.json	NO	excluded by evidence-only ledger rule
Z033-CAND-002	true	03_需求与设计/02_开发计划/task_z032b_30_cand003_ledger.tsv	NO	excluded by evidence-only ledger rule
Z033-CAND-002	true	03_需求与设计/02_开发计划/task_z032b_35_cand004_boundary.json	NO	excluded by evidence-only ledger rule
Z033-CAND-002	true	03_需求与设计/02_开发计划/task_z032b_35_cand004_boundary.tsv	NO	excluded by evidence-only ledger rule
Z033-CAND-002	true	03_需求与设计/02_开发计划/task_z032b_36_cand004_result.json	NO	excluded by evidence-only ledger rule
Z033-CAND-002	true	03_需求与设计/02_开发计划/task_z032b_36_cand004_result.tsv	NO	excluded by evidence-only ledger rule
Z033-CAND-002	true	03_需求与设计/02_开发计划/task_z032b_36_cand004_stdout.txt	NO	excluded by evidence-only ledger rule
Z033-CAND-002	true	03_需求与设计/02_开发计划/task_z032b_37_cand004_failure_boundary.json	NO	excluded by evidence-only ledger rule
Z033-CAND-002	true	03_需求与设计/02_开发计划/task_z032b_37_cand004_failure_boundary.tsv	NO	excluded by evidence-only ledger rule
Z033-CAND-002	true	03_需求与设计/02_开发计划/task_z032b_38_cand004_fix_result.json	NO	excluded by evidence-only ledger rule
Z033-CAND-002	true	03_需求与设计/02_开发计划/task_z032b_38_cand004_fix_result.tsv	NO	excluded by evidence-only ledger rule
Z033-CAND-002	true	03_需求与设计/02_开发计划/task_z032b_38_cand004_fix_stdout.txt	NO	excluded by evidence-only ledger rule
Z033-CAND-002	true	03_需求与设计/02_开发计划/task_z032b_39_cand004_second_failure_boundary.json	NO	excluded by evidence-only ledger rule
Z033-CAND-002	true	03_需求与设计/02_开发计划/task_z032b_39_cand004_second_failure_boundary.tsv	NO	excluded by evidence-only ledger rule
Z033-CAND-002	true	03_需求与设计/02_开发计划/task_z032b_40_cand004_second_fix_result.json	NO	excluded by evidence-only ledger rule
Z033-CAND-002	true	03_需求与设计/02_开发计划/task_z032b_40_cand004_second_fix_result.tsv	NO	excluded by evidence-only ledger rule
Z033-CAND-002	true	03_需求与设计/02_开发计划/task_z032b_40_cand004_second_fix_stdout.txt	NO	excluded by evidence-only ledger rule
Z033-CAND-002	true	03_需求与设计/02_开发计划/task_z032b_41_cand004_freeze.json	NO	excluded by evidence-only ledger rule
Z033-CAND-002	true	03_需求与设计/02_开发计划/task_z032b_41_cand004_ledger.json	NO	excluded by evidence-only ledger rule
Z033-CAND-002	true	03_需求与设计/02_开发计划/task_z032b_41_cand004_ledger.tsv	NO	excluded by evidence-only ledger rule
Z033-CAND-002	true	03_需求与设计/02_开发计划/工程师会话日志.md	NO	excluded by evidence-only ledger rule
Z033-CAND-002	true	06_前端/lingyi-pc/src/views/cross_module/CrossModuleView.vue	NO	excluded by evidence-only ledger rule
Z033-CAND-002	true	06_前端/lingyi-pc/src/views/production/ProductionPlanList.vue	NO	excluded by evidence-only ledger rule
Z033-CAND-002	true	06_前端/lingyi-pc/src/views/quality/QualityInspectionDetail.vue	NO	excluded by evidence-only ledger rule
Z033-CAND-002	true	06_前端/lingyi-pc/src/views/quality/QualityInspectionList.vue	NO	excluded by evidence-only ledger rule
Z033-CAND-002	true	06_前端/lingyi-pc/src/views/sales_inventory/SalesInventorySalesOrderDetail.vue	NO	excluded by evidence-only ledger rule
Z033-CAND-002	true	06_前端/lingyi-pc/src/views/sales_inventory/SalesInventorySalesOrderList.vue	NO	excluded by evidence-only ledger rule
Z033-CAND-002	true	06_前端/lingyi-pc/test-results	NO	excluded by evidence-only ledger rule
Z033-CAND-002	true	07_后端/lingyi_service/.pytest_cache	NO	excluded by evidence-only ledger rule
Z033-CAND-002	true	07_后端/lingyi_service/__pycache__	NO	excluded by evidence-only ledger rule
Z033-CAND-002	true	07_后端/lingyi_service/app/models/audit.py	NO	excluded by evidence-only ledger rule
Z033-CAND-002	true	07_后端/lingyi_service/app/models/workshop.py	NO	excluded by evidence-only ledger rule
Z033-CAND-002	true	07_后端/lingyi_service/app/schemas/report.py	NO	excluded by evidence-only ledger rule
Z033-CAND-002	true	07_后端/lingyi_service/app/services/erpnext_permission_adapter.py	NO	excluded by evidence-only ledger rule
Z033-CAND-002	true	07_后端/lingyi_service/app/services/report_catalog_service.py	NO	excluded by evidence-only ledger rule
Z033-CAND-002	true	07_后端/lingyi_service/app/services/system_config_catalog_service.py	NO	excluded by evidence-only ledger rule
Z033-CAND-002	true	07_后端/lingyi_service/app/services/workshop_outbox_service.py	NO	excluded by evidence-only ledger rule
Z033-CAND-002	true	07_后端/lingyi_service/pytest_cache	NO	excluded by evidence-only ledger rule
Z033-CAND-002	true	07_后端/lingyi_service/tests/test_bom_permissions.py	NO	excluded by evidence-only ledger rule
Z033-CAND-002	true	07_后端/lingyi_service/tests/test_logging_sanitization.py	NO	excluded by evidence-only ledger rule
Z033-CAND-002	true	07_后端/lingyi_service/tests/test_permission_governance_audit_export.py	NO	excluded by evidence-only ledger rule
Z033-CAND-002	true	07_后端/lingyi_service/tests/test_request_id_sanitization.py	NO	excluded by evidence-only ledger rule
Z033-CAND-002	true	07_后端/lingyi_service/tests/test_style_profit_api.py	NO	excluded by evidence-only ledger rule
Z033-CAND-002	true	07_后端/lingyi_service/tests/test_subcontract_company_permission.py	NO	excluded by evidence-only ledger rule
Z033-CAND-002	true	07_后端/lingyi_service/tests/test_subcontract_settlement_export.py	NO	excluded by evidence-only ledger rule
Z033-CAND-002	true	07_后端/lingyi_service/tests/test_workshop_batch_exceptions.py	NO	excluded by evidence-only ledger rule
Z033-CAND-002	true	07_后端/lingyi_service/tests/test_workshop_job_card_sync.py	NO	excluded by evidence-only ledger rule
Z033-CAND-002	true	07_后端/lingyi_service/tests/test_workshop_outbox_audit_throttle.py	NO	excluded by evidence-only ledger rule
Z033-CAND-002	true	07_后端/lingyi_service/tests/test_workshop_permissions.py	NO	excluded by evidence-only ledger rule
